{"cameraMode":{"drawMode":0,"name":"Shaded","section":"Shading Mode"},"sceneLighting":true,"audioPlay":false,"sceneViewState":{"m_AlwaysRefresh":false,"showFog":true,"showSkybox":true,"showFlares":true,"showImageEffects":true,"showParticleSystems":true,"showVisualEffectGraphs":true,"m_FxEnabled":false},"in2DMode":false,"pivot":{"x":2.5344090461730959,"y":-5.627130508422852,"z":0.29221487045288088},"rotation":{"x":0.21526266634464265,"y":-0.025639597326517106,"z":-0.040296103805303577,"w":0.9770786762237549},"size":24.61052703857422,"orthographic":false}